<?xml version="1.0" encoding="UTF-8"?>
<GenRun Id="microblaze_mcs_0_synth_1" LaunchPart="xc7a100tcsg324-1" LaunchTime="1460325355">
  <File Type="RUN-CONSTRS" Name="$PDATADIR/runs/microblaze_mcs_0_synth_1/constrs_in.xml"/>
  <File Type="RDS-DCP" Name="microblaze_mcs_0.dcp"/>
  <File Type="RUN-SRCS" Name="$PDATADIR/runs/microblaze_mcs_0_synth_1/sources.xml"/>
  <File Type="RDS-UTIL-PB" Name="microblaze_mcs_0_utilization_synth.pb"/>
  <File Type="RUN-STRAT" Name="$PDATADIR/runs/microblaze_mcs_0_synth_1/microblaze_mcs_0_synth_1.psg"/>
  <File Type="PA-TCL" Name="microblaze_mcs_0.tcl"/>
  <File Type="RDS-PROPCONSTRS" Name="microblaze_mcs_0_drc_synth.rpt"/>
  <File Type="RDS-RDS" Name="microblaze_mcs_0.vds"/>
  <File Type="RDS-UTIL" Name="microblaze_mcs_0_utilization_synth.rpt"/>
  <File Type="VDS-TIMINGSUMMARY" Name="microblaze_mcs_0_timing_summary_synth.rpt"/>
  <File Type="VDS-TIMING-PB" Name="microblaze_mcs_0_timing_summary_synth.pb"/>
  <File Type="VDS-HWDEF" Name="microblaze_mcs_0.hwdef"/>
  <FileSet Name="sources" Type="BlockSrcs" RelSrcDir="$PSRCDIR/microblaze_mcs_0">
    <File Path="$PSRCDIR/sources_1/ip/microblaze_mcs_0/microblaze_mcs_0.xci">
      <FileInfo>
        <Attr Name="ImportPath" Val="L:/Xilinx_Projects/microblaze/microblaze.srcs/sources_1/ip/microblaze_mcs_0/microblaze_mcs_0.xci"/>
        <Attr Name="ImportTime" Val="1460314827"/>
        <Attr Name="UsedIn" Val="synthesis"/>
        <Attr Name="UsedIn" Val="implementation"/>
        <Attr Name="UsedIn" Val="simulation"/>
      </FileInfo>
    </File>
    <Config>
      <Option Name="TopModule" Val="microblaze_mcs_0"/>
      <Option Name="UseBlackboxStub" Val="1"/>
    </Config>
  </FileSet>
  <FileSet Name="constrs_in" Type="BlockSrcs" RelSrcDir="$PSRCDIR/microblaze_mcs_0">
    <File Path="$PSRCDIR/sources_1/ip/microblaze_mcs_0/microblaze_mcs_0.xci">
      <FileInfo>
        <Attr Name="ImportPath" Val="L:/Xilinx_Projects/microblaze/microblaze.srcs/sources_1/ip/microblaze_mcs_0/microblaze_mcs_0.xci"/>
        <Attr Name="ImportTime" Val="1460314827"/>
        <Attr Name="UsedIn" Val="synthesis"/>
        <Attr Name="UsedIn" Val="implementation"/>
        <Attr Name="UsedIn" Val="simulation"/>
      </FileInfo>
    </File>
    <Config>
      <Option Name="TopModule" Val="microblaze_mcs_0"/>
      <Option Name="UseBlackboxStub" Val="1"/>
    </Config>
  </FileSet>
  <Strategy Version="1" Minor="2">
    <StratHandle Name="Vivado Synthesis Defaults" Flow="Vivado Synthesis 2014"/>
    <Step Id="synth_design"/>
  </Strategy>
</GenRun>
