<?xml version="1.0" encoding="UTF-8"?>
<GenRun Id="synth_1" LaunchPart="xc7a100tcsg324-1" LaunchTime="1460327046">
  <File Type="RUN-CONSTRS" Name="$PDATADIR/runs/synth_1/constrs_in.xml"/>
  <File Type="RDS-DCP" Name="controller.dcp"/>
  <File Type="RUN-SRCS" Name="$PDATADIR/runs/synth_1/sources.xml"/>
  <File Type="RDS-UTIL-PB" Name="controller_utilization_synth.pb"/>
  <File Type="RUN-STRAT" Name="$PDATADIR/runs/synth_1/synth_1.psg"/>
  <File Type="PA-TCL" Name="controller.tcl"/>
  <File Type="RDS-PROPCONSTRS" Name="controller_drc_synth.rpt"/>
  <File Type="RDS-RDS" Name="controller.vds"/>
  <File Type="RDS-UTIL" Name="controller_utilization_synth.rpt"/>
  <File Type="VDS-TIMINGSUMMARY" Name="controller_timing_summary_synth.rpt"/>
  <File Type="VDS-TIMING-PB" Name="controller_timing_summary_synth.pb"/>
  <File Type="VDS-HWDEF" Name="controller.hwdef"/>
  <FileSet Name="sources" Type="DesignSrcs" RelSrcDir="$PSRCDIR/sources_1">
    <Filter Type="Srcs"/>
    <File Path="$PSRCDIR/sources_1/imports/CRO/inverter.vhd">
      <FileInfo>
        <Attr Name="ImportPath" Val="L:/Xilinx_Projects/HWSec_Project-master/CRO/inverter.vhd"/>
        <Attr Name="ImportTime" Val="1460323991"/>
        <Attr Name="UsedIn" Val="synthesis"/>
        <Attr Name="UsedIn" Val="simulation"/>
      </FileInfo>
    </File>
    <File Path="$PSRCDIR/sources_1/imports/CRO/config_RO.vhd">
      <FileInfo>
        <Attr Name="ImportPath" Val="L:/Xilinx_Projects/HWSec_Project-master/CRO/config_RO.vhd"/>
        <Attr Name="ImportTime" Val="1460323991"/>
        <Attr Name="UsedIn" Val="synthesis"/>
        <Attr Name="UsedIn" Val="simulation"/>
      </FileInfo>
    </File>
    <File Path="$PSRCDIR/sources_1/new/controller.vhd">
      <FileInfo>
        <Attr Name="ImportPath" Val="L:/Xilinx_Projects/microblaze/microblaze.srcs/sources_1/new/controller.vhd"/>
        <Attr Name="ImportTime" Val="1460317761"/>
        <Attr Name="UsedIn" Val="synthesis"/>
        <Attr Name="UsedIn" Val="simulation"/>
      </FileInfo>
    </File>
    <Config>
      <Option Name="DesignMode" Val="RTL"/>
      <Option Name="TopModule" Val="controller"/>
      <Option Name="TopAutoSet" Val="TRUE"/>
    </Config>
  </FileSet>
  <FileSet Name="constrs_in" Type="Constrs" RelSrcDir="$PSRCDIR/constrs_1">
    <Filter Type="Constrs"/>
    <File Path="$PSRCDIR/constrs_1/imports/Project/constraints.txt">
      <FileInfo SFType="XDC">
        <Attr Name="ImportPath" Val="$PPRDIR/../../../../../../../../jmurray/ownCloud/UTK/Spring2016/ECE559/Project/constraints.txt"/>
        <Attr Name="ImportTime" Val="1459957424"/>
        <Attr Name="UsedIn" Val="synthesis"/>
        <Attr Name="UsedIn" Val="implementation"/>
      </FileInfo>
    </File>
    <Config>
      <Option Name="ConstrsType" Val="XDC"/>
    </Config>
  </FileSet>
  <Strategy Version="1" Minor="2">
    <StratHandle Name="Vivado Synthesis Defaults" Flow="Vivado Synthesis 2014"/>
    <Step Id="synth_design"/>
  </Strategy>
  <BlockFileSet Type="BlockSrcs" Name="microblaze_mcs_0"/>
</GenRun>
